source_biomarker_name,frequency,harmonized_biomarker_name,comment
4q12 amplicon,1,4q12,
9p24.1 amplicon,1,9p24,
A775_G776INSYVMA,1,ERBB2,
ALK fusion,3,ALK fusion,
ALK FUSION IGFBP5,1,ALK fusion,
ALK fusions,10,ALK fusion,
ALK mut,1,ALK mut,
ALK translocation,1,ALK translocation,"Might be a fusion, the trial must confirm"
ATM-ATR,14,ATM-ATR,
BRAF,10,BRAFV600,
BRAF fusion,5,BRAF fusion,
BRAF fusions,1,BRAF fusion,
BRAF non-V600,2,BRAFnonV600,
BRAF Non-V600mut,7,BRAFnonV600,
BRAF nonV600 (BRAF D594G),1,BRAFnonV600,
BRAF nonV600E,1,BRAFnonV600,
BRAF nonV600E (15exon),1,BRAFnonV600,
BRAF nonV600E (BRAF G469A),2,BRAFnonV600,
BRAF V600,14,BRAFV600,
BRAF V600 (3) + BRAF non-V600 (4),1,BRAFV600,
BRAF V600 activating mutations,3,BRAFV600,
BRAF v600E,1,BRAFV600,
BRAF V600E,10,BRAFV600,
BRAF V600E activating mutations,20,BRAFV600,
BRAF V600Emut,14,BRAFV600,
BRAF V600G,1,BRAFV600,
BRAF VAL600 GLU,1,BRAFV600,
BRCA,11,BRCA12,
BRCA1 2 biallelic inactivation,1,BRCA12,
BRCA2 biallelic loss,2,BRCA12,
C.2313_2324DUP P.(TYR772_ALA775DUP),1,ERBB2,
Constitutional mismatch repair deficiency disposition (CMMRD),1,CMMRD,
CMMrd,,CMMRD,
Double hit in PIK3CA/PTEN,1,PIK3CA,
Drug screen,1,Drug screen,"The trial must elaborate: might be organoid-based drug screening and not target-drug-match. Think we should keep them separated from other cohorts."
EBB2 amplification,12,ERBB2 ampl,
EGFR amp,2,EGFR ampl,
EGFR mut,1,EGFR mut,
ERBB2 - L755P,1,ERBB2 mut,
ERBB2 (HER2) Amplification,22,ERBB2 ampl,
ERBB2 (HER2) G776V mutation,1,ERBB2 mut,
ERBB2 (HER2) R678Q mutation,1,ERBB2 mut,
ERBB2 (HER2) S310F mutation,2,ERBB2 mut,
ERBB2 (HER2) S310F MUTATION AND HER2 AMPLIFICATION,1,ERBB2 mut/ampl,
ERBB2 (HER2) S310Y mutation,1,ERBB2 mut,
ERBB2 A775_G776INSYVMA,1,ERBB2 INSYVMA,
ERBB2 C. 2313_2324DUP P.(TYR 772_ALA775DUP) VARIANT DETECTED,1,ERBB2,
ERBB2 C.2313_2324DUP ; P.(TYR772_ALA775DUP) 16%,1,ERBB2,
ERBB2 EXON 20 ACTIVATING VARIANT C.2262_2269DELINSCCCGA P.(LEU755_GLU757DELINSPROLYS),1,ERBB2,
ERBB2 EXON 20 MUTATION C.2326_2327INSTTGTGATGGCTG P.ALA775_GLY776INSVALVALMETALA).,1,ERBB2,
ERBB2 G776>VC,1,ERBB2,
ERBB2 GLY766DELINSVALCYS,1,ERBB2,
ERBB2 mutation,4,ERBB2 mut,
ERBB2 MUTATION A775_G776INSYVMA,1,ERBB2 mut,
ERBB2 MUTATION G778S AND AMPLIFICATION,1,ERBB2 mut/ampl,
ERBB2 P.(GLY776DELINSVALCYS),1,ERBB2,
ERBB2 P.(ILE767MET),1,ERBB2,
ERBB2 P.Y772 A775DUP (EXON 20),1,ERBB2,
ERBB2 P.Y772_A775DUP,1,ERBB2,
ERBB2 TYR772_ALA775DUP,1,ERBB2,
"ERBB2, P.Y772_A775DUP",1,ERBB2,
ERBB2. C2313_2324DUP P.(TYR772_ALA775DUP),1,ERBB2,
ERBB2ampl,10,ERBB2 ampl,
ERBB2mut,3,ERBB2 mut,
ERBB3 mutation,1,ERBB3 mut,
EXON 20 ERB B2 INSERTION (C.2313_2324DUP P.(TYR772_ALA775DUP).PDL1 10%,1,ERBB2,
FGFampl,6,FGF ampl,
FGFR1 ampl,3,FGFR ampl,
FGFR1 amplification,1,FGFR ampl,
FGFR1 double hit,1,FGFR mut/fusion,
FGFR1 fusion,1,FGFR mut/fusion,
FGFR1 fusions,1,FGFR mut/fusion,
FGFR1 mut,1,FGFR mut/fusion,
FGFR2 fusion,2,FGFR mut/fusion,
FGFR2 mut,6,FGFR mut/fusion,
FGFR3 fusion,4,FGFR mut/fusion,
FGFR3 mut,2,FGFR mut/fusion,
FGFR3mut,1,FGFR mut/fusion,
FGFRampl,6,FGFR ampl,
FGFRfusion,8,FGFR mut/fusion,
FGFRmut,9,FGFR mut/fusion,
FRFR2 fusion (ATE1fusion),1,FGFR mut/fusion,
GNA11,1,GNA11,
GNA11 mut,1,GNA11 mut,
GNAQ mut,1,GNAQ mut,
GNAS mut,2,GNAS mut,
HER2 amp,7,ERBB2 ampl,
HER2 ampl,11,ERBB2 ampl,
HER2 ampl/mut,2,ERBB2 mut/ampl,
HER2 AMPLIFICATION (COPY NUMBER 84) AND POINT MUTATION S310Y,1,ERBB2 mut/ampl,
HER2 EXON 20 INSERTION MUTATION,1,ERBB2 mut,
HER2 mut,11,ERBB2 mut,
HER2 postive,1,ERBB2 overexprression,
HER2amp,6,ERBB2 ampl,
HER2exp,2,ERBB2 overexprression,
HER2mut,5,ERBB2 mut,
High tumour mutational burden (TMB),20,TMB high,
HRAS G12D,1,HRAS mut,
HRAS mut,1,HRAS mut,
HRD,11,HRD,
HRR alterations,4,HRR,
HRR defiency,1,HRR,
Hypocellular AML,1,AML,
KRAS (G12V),1,KRAS mut,
KRAS G12D,1,KRAS mut,
KRAS G12S,1,KRAS mut,
KRAS G12V,1,KRAS mut,
KRAS mut,1,KRAS mut,
KRAS mut (G12V and G12D),1,KRAS mut,
"KRAS, NRAS, BRAF",1,RAS-RAF-pathway,"RAS/RAF-pathway, may keep them separated from the KRAS-cohorts"
LTK high,1,LTK high,
MAP2,1,MAP2,
MAP2K1 (MEK1),1,MAP2K1,
"MAP2K1 (MEK1), MAP2K2 (MEK2) or NRAS",1,"MAP2K1, MAP2K2, NRAS",
MAP2K4 loss_mut,1,MAP2K4 mut,
MAP2K4 mut,1,MAP2K4 mut,
MAP3K1 loss_mut,1,MAP3K1 mut,
MAP3K1 mut,1,MAP3K1 mut,
MET amp,3,MET ampl,
MET amplification,7,MET ampl,
MET deletions EXON 14,1,MET exon 14 skip,
MET Exon 14,1,MET exon 14 skip,
MET fusion,5,MET fusion,
Microsatellite instability high (MSI),2,MSI high,
MSI-high,8,MSI high,
MSI-high incl. res,4,MSI high,
MSI-high incl.res,1,MSI high,
MSIhigh,8,MSI high,
NF1,1,NF1,
NF1 amplification,1,NF1 ampl,
NF1 loss,1,NF1,
NF1 mutation,7,NF1 mut,
NF1loss_mut,1,NF1 mut,
NF1mut,1,NF1 mut,
NPM1 mut AML,1,NPM1 mut,
NRAS amp,2,NRAS ampl,
NRAS mut,8,NRAS mut,
NRAS mutation,3,NRAS mut,
NRAS mutation  (Q61R),1,NRAS mut,
Other (AN IN-FRAME INSERTION WITHIN ERBB2 EXON 20),1,ERBB2,
Other (ERBB2 (HER2)),1,ERBB2,
Other (ERBB2 EXON 20),1,ERBB2 mut,
Other (ERBB2C.2313_2324DUP),1,ERBB2 mut,
PBRM1,1,PBRM1,
PD-L1,2,PD-L1,
PDGFRA,3,PDGFRA,
PIK3CA DoubleHit incl res,1,PIK3CA,
PIK3CA mut,10,PIK3CA mut,
PIK3CA mut/ampl,1,PIK3CA mut/ampl,
PIK3CAmut,2,PIK3CA mut,
PIK3R1 mut,1,PIK3R1 mut,
PIK3R2 mut,1,PIK3R2 mut,
POLE mut,1,POLE mut,
PTEN loss_mut,3,PTEN loss/mut,
PTENloss,5,PTEN loss,
PTENloss/mut,1,PTEN loss/mut,
ROS1 fusion,1,ROS1 fusion,
SHH-pathway,6,SHH-pathway,
STRN-ALK FUSION,1,ALK fusion,
TMB,5,TMB high,
TMB >= 16,1,TMB high,
TMB >=16,17,TMB high,
TMB >=16 eval MRI,1,TMB high,
TMB >=16 incl. res,1,TMB high,
TMB >=16 incl.res,1,TMB high,
TMB >=16 TMZ ind,3,TMB high,
TMB >=16 TMZ ind incl res,1,TMB high,
TMB>=16,2,TMB high,
TMBhigh,16,TMB high,
TML >=140,2,TML,
V600 MUTATION,1,BRAFV600,