# refreshed 2026-09-11: audited against current harmonizer (harmonizers/impress.py) and OMOP builders (omop/builders/*.py); added omop_table/omop_field columns. Rows with omop_table "(not yet mapped)" are tracked in .data/mapping_gaps.csv. Re-verify after future harmonizer/builder changes.
class,field,source_columns,omop_table,omop_field,transformation,description,data_type,required
patients,patient_id,SubjectId,person,person_source_value,Direct copy,Unique patient identifier,String,mandatory
patients,trial_id,(hardcoded),person,"location_id (indirect: resolved to a country via the trial_country lookup, then to LocationBuilder's row)",Set to trial identifier at runtime,Clinical trial identifier (e.g. IMPRESS),String,mandatory
patients,age,"DM_BRTHDAT, TR_TRC1_DT",(not written to any OMOP table),OMOP derives age from person.year_of_birth instead,"Calculated: (max(TR_TRC1_DT) - DM_BRTHDAT).days / 365.25, cast to integer",Age in years at latest treatment start date,Int64,optional
patients,date_of_birth,DM_BRTHDAT,person,"year_of_birth, month_of_birth, day_of_birth, birth_datetime",Parsed to Date; first non-null per patient,Date of birth,Date,optional
patients,date_of_death,"EOS_DEATHDTC, FU_FUPDEDAT",death,"death_date, death_datetime","max_horizontal of both dates, then max per patient; null if neither present",Date of death (latest known from end-of-study or follow-up records),Date,optional
patients,evaluable_for_efficacy_analysis,"TR_TRO_STDT, TR_TROSTPDT, TR_TRC1_DT, TR_TRTNO, TR_TRCYNCD",observation,value_as_concept_id (Yes/No); observation_date = treatment_start_date,True if any oral cycle >= 28 days (stop - start) OR any IV cycle gap >= 21 days (next cycle start - current start); only valid cycles (TR_TRCYNCD == 1),Whether patient had sufficient treatment duration for efficacy analysis,Boolean,optional
patients,has_any_adverse_events,"AE_AECTCAET, AE_AESTDAT, AE_AETOXGRECD",(not yet mapped),,True if any row for patient has non-empty AE text or date or grade,Whether patient has any recorded adverse events,Boolean,optional
patients,number_of_adverse_events,"AE_AECTCAET, AE_AESTDAT, AE_AETOXGRECD",(not yet mapped),,"Count of rows with any AE signal (non-empty text, date, or grade) per patient",Total number of adverse events for this patient,Int64,optional
patients,number_of_serious_adverse_events,AE_AESERCD,(not yet mapped),,Count of rows where AE_AESERCD == 1 per patient,Number of serious adverse events,Int64,optional
patients,sex,DM_SEX,person,"gender_concept_id, gender_source_value",Normalized: m/male -> 'male'; f/female -> 'female' (case-insensitive); first unique per patient,Patient's biological sex,String,optional
patients,treatment_start_date,"TR_TRNAME, TR_TRC1_DT","cohort, observation_period",cohort_start_date; observation_period_start_date (also the observation_date used for the evaluable_for_efficacy_analysis row),Min of TR_TRC1_DT per patient; only rows where TR_TRNAME is non-empty,Earliest treatment start date across all treatment names,Date,optional
patients,treatment_start_last_cycle,"TR_TRC1_DT, TR_TRCYNCD","cohort, observation_period",cohort_end_date (fallback); observation_period_end_date (fallback),"Max of TR_TRC1_DT per patient across all cycles (valid or not, by default)",Start date of the most recent treatment cycle,Date,optional
end_of_treatment,patient_id,SubjectId,person,person_source_value,Direct copy,Patient identifier,String,mandatory
end_of_treatment,trial_id,(hardcoded),person,location_id (indirect),Set at runtime,Trial identifier,String,mandatory
end_of_treatment,end_of_treatment.date,"EOT_EOTDAT, TR_TROSTPDT, TR_TRC1_DT, TR_TRCYNCD",observation,observation_date,Precedence: EOT_EOTDAT > max valid oral stop (TR_TROSTPDT) > max valid IV start (TR_TRC1_DT); valid cycle = TR_TRCYNCD == 1,Date treatment ended,Date,mandatory
end_of_treatment,end_of_treatment.reason,EOT_EOTREOT,observation,"value_as_string, value_source_value (both truncated); also determines end_of_treatment.status below","Direct copy, stripped; last duplicate kept per patient",Reason for ending treatment (free text),String,optional
end_of_treatment,end_of_treatment.status,(derived from EOT_EOTREOT text),observation,"observation_concept_id (trial_completion vs. patient_withdrawn topic concept); value_as_concept_id (mapped withdrawal-reason concept, WITHDRAWN only)","COMPLETED when reason text matches IMPRESS's completion phrase ('Normal completion according to cohort-specific manual', case-insensitive); WITHDRAWN for any other non-empty reason; null when no reason recorded",Standardized trial-outcome status (completed / withdrawn),String (enum),optional
clinical_benefit,patient_id,SubjectId,person,person_source_value,Direct copy,Patient identifier,String,mandatory
clinical_benefit,trial_id,(hardcoded),person,location_id (indirect),Set at runtime,Trial identifier,String,mandatory
clinical_benefit,clinical_benefit.has_benefit,"RA_RATIMRESCD, RA_RAiMODCD, RNRSP_RNRSPCLCD, RA_EventId, RNRSP_EventId",observation,value_as_concept_id (Yes/No),True if any response code <= 3 at visit V03 (week 16); iRecist (RA_RAiMODCD) > Recist (RA_RATIMRESCD) > RNRSP_RNRSPCLCD precedence,Whether patient had clinical benefit at the assessment timepoint,Boolean,mandatory
clinical_benefit,clinical_benefit.week,(hardcoded: 16 for IMPRESS),observation,"observation_source_value (encodes the week, e.g. 'has_clinical_benefit_at_week_16')",Fixed to 16 for IMPRESS (source-specific timepoint),Assessment timepoint in weeks,Int64,optional
clinical_benefit,clinical_benefit.date,"RA_EventDate, RNRSP_EventDate",observation,observation_date,"iRecist/Recist use RA_EventDate, RNRSP uses RNRSP_EventDate; falls back to whichever V03 date is available when no benefit is recorded",Date of the clinical-benefit assessment,Date,optional
cohort,patient_id,SubjectId,person,person_source_value,Direct copy,Patient identifier,String,mandatory
cohort,trial_id,(hardcoded),person,location_id (indirect),Set at runtime,Trial identifier,String,mandatory
cohort,cohort.raw_name,COH_COHORTNAME,cohort_definition,cohort_definition_description,"Direct copy, stripped; latest COH event per patient",Raw cohort/arm name as recorded in source,String,mandatory
cohort,cohort.normalized_name,(derived from raw_name plus the biomarker/cancer-type dictionaries and drug list),"cohort, cohort_definition","cohort.cohort_definition_id (FK); cohort_definition.cohort_definition_id, cohort_definition_name",'{biomarker}/{cancer_type}/{drug ingredients}' composed only when biomarker and cancer type both resolve via the harmonizer's lookup dictionaries,Canonical cross-trial cohort/arm name used to key cohort membership,String,optional
cohort,cohort.target_biomarker,COH_COHCTN (mapped via the biomarker dictionary),(not yet mapped),currently only feeds cohort.normalized_name,Lowercased and mapped via the biomarker dictionary,Target biomarker used for cohort assignment,String,optional
cohort,cohort.cancer_type,COH_COHTT (mapped via the cancer-type dictionary),(not yet mapped),currently only feeds cohort.normalized_name,Lowercased and mapped via the cancer-type dictionary,Cancer type used for cohort assignment,String,optional
cohort,cohort.drugs,"COH_COHALLO1, COH_COHALLO1__2, COH_COHALLO1__3, COH_COHALLO2, COH_COHALLO2__2, COH_COHALLO2__3",(not yet mapped),currently only feeds cohort.normalized_name,"Non-null drug allocation slots, brand name stripped to ingredient where parseable",Drugs allocated to this cohort,List[String],optional
best_overall_response,patient_id,SubjectId,person,person_source_value,Direct copy,Patient identifier,String,mandatory
best_overall_response,trial_id,(hardcoded),person,location_id (indirect),Set at runtime,Trial identifier,String,mandatory
best_overall_response,best_overall_response.code,"RA_RATIMRESCD, RA_RAiMODCD, RNRSP_RNRSPCLCD",(not yet mapped),,"Best (lowest) response code across all assessments per patient; iRecist codes normalized to RECIST scale (iCPD=4 removed, iPD=5->4, iUPD=6->96); best of RECIST vs iRecist per row; then coalesced with RANO","Response code (lower = better response: 1=CR, 2=PR, 3=SD, 4=PD)",Int64,optional
best_overall_response,best_overall_response.date,"RA_EventDate, RNRSP_EventDate",(not yet mapped),,Coalesced date associated with the best response row,Date of best overall response assessment,Date,optional
best_overall_response,best_overall_response.response,"RA_RATIMRES, RA_RAiMOD, RNRSP_RNRSPCL",(not yet mapped),,RECIST/iRecist text coalesced with RANO,Best overall response description (e.g. Complete Response),String,optional
biomarkers,patient_id,SubjectId,person,person_source_value,Direct copy,Patient identifier,String,mandatory
biomarkers,trial_id,(hardcoded),person,location_id (indirect),Set at runtime,Trial identifier,String,mandatory
biomarkers,biomarkers.target_biomarker,COH_COHCTN | COH_COHTMN | COH_GENMUT1,measurement,"measurement_concept_id, measurement_source_value (FK-linked to the patient's primary-cancer condition_occurrence row when present)","Coalesce by preference: cohort target name (COHCTN), then cohort target mutation (COHTMN), then measured gene (GENMUT1); stripped, latest non-null per patient",Target biomarker for cohort assignment,String,mandatory
biomarkers,biomarkers.date,COH_EventDate,measurement,"measurement_date, measurement_datetime",Parsed to Date; latest event per patient,Date of biomarker assessment,Date,optional
ecog_baseline,patient_id,SubjectId,person,person_source_value,Direct copy,Patient identifier,String,mandatory
ecog_baseline,trial_id,(hardcoded),person,location_id (indirect),Set at runtime,Trial identifier,String,mandatory
ecog_baseline,ecog_baseline.date,ECOG_ECOGDAT,measurement,"measurement_date, measurement_datetime",Parsed to Date; filtered to baseline visit (ECOG_EventId == V00); latest per patient,Date of baseline ECOG assessment,Date,optional
ecog_baseline,ecog_baseline.description,ECOG_ECOGS,(not yet mapped),,"Direct copy, stripped; baseline visit V00 only",ECOG performance status description,String,optional
ecog_baseline,ecog_baseline.grade,ECOG_ECOGSCD,measurement,"value_as_number (raw grade); value_as_concept_id (mapped grade, 0 if unmapped); measurement_source_value",Cast to Int64; baseline visit V00 only,ECOG performance status grade (0-5 scale),Int64,optional
lost_to_followup,patient_id,SubjectId,person,person_source_value,Direct copy,Patient identifier,String,mandatory
lost_to_followup,trial_id,(hardcoded),person,location_id (indirect),Set at runtime,Trial identifier,String,mandatory
lost_to_followup,lost_to_followup.lost_to_followup,FU_FUPSST,observation,value_as_concept_id (mapped withdrawal-reason concept); observation_source_value = 'lost_to_followup' (row only emitted when True),True when FU_FUPSST is not 'alive' or 'death' (case-insensitive) for any row,Whether patient was lost to follow-up,Boolean,mandatory
lost_to_followup,lost_to_followup.date_lost_to_followup,"FU_FUPALDAT, FU_FUPSST",observation,observation_date,Parsed from FU_FUPALDAT; only when FU_FUPSST is not 'alive' or 'death' (case-insensitive); max date per patient,Date patient was lost to follow-up,Date,optional
study_drugs,patient_id,SubjectId,person,person_source_value,Direct copy,Patient identifier,String,mandatory
study_drugs,trial_id,(hardcoded),person,location_id (indirect),Set at runtime,Trial identifier,String,mandatory
study_drugs,study_drugs.primary_treatment_drug,"COH_COHALLO1, COH_COHALLO1__2, COH_COHALLO1__3",(not yet mapped),,Coalesce first non-null across 3 source slots; collision detection (>1 slot populated -> null); last per patient,Primary study drug name,String,optional
study_drugs,study_drugs.primary_treatment_drug_code,"COH_COHALLO1CD, COH_COHALLO1__2CD, COH_COHALLO1__3CD",(not yet mapped),,Coalesced code paired with selected drug name slot,Primary study drug code,Int64,optional
study_drugs,study_drugs.secondary_treatment_drug,"COH_COHALLO2, COH_COHALLO2__2, COH_COHALLO2__3",(not yet mapped),,Coalesce first non-null across 3 source slots; collision detection,Secondary study drug name,String,optional
study_drugs,study_drugs.secondary_treatment_drug_code,"COH_COHALLO2CD, COH_COHALLO2__2CD, COH_COHALLO2__3CD",(not yet mapped),,Coalesced code paired with selected drug name slot,Secondary study drug code,Int64,optional
study_drugs,study_drugs.date,COH_EventDate,(not yet mapped),,Parsed to Date,Date associated with study drug allocation,Date,optional
tumor_type,patient_id,SubjectId,person,person_source_value,Direct copy,Patient identifier,String,mandatory
tumor_type,trial_id,(hardcoded),person,location_id (indirect),Set at runtime,Trial identifier,String,mandatory
tumor_type,tumor_type.cohort_tumor_type,COH_COHTT,(not yet mapped),,"Direct copy, stripped",Cohort-specific tumor type classification,String,optional
tumor_type,tumor_type.icd10_code,COH_ICD10COD,condition_occurrence,condition_concept_id (tried first); condition_source_value,"Direct copy, stripped",ICD-10 diagnosis code,String,optional
tumor_type,tumor_type.icd10_description,COH_ICD10DES,(not yet mapped),,"Direct copy, stripped",ICD-10 diagnosis description,String,optional
tumor_type,tumor_type.main_tumor_type,"COH_COHTTYPE, COH_COHTTYPE__2","condition_occurrence, episode","condition_concept_id (fallback when icd10_code is absent or unmapped), condition_source_value; episode.episode_source_value (Disease Episode)",First non-null complete pair (name+code) across 2 slots; collision detection (>1 complete pair -> null); last per patient,Main tumor type classification,String,optional
tumor_type,tumor_type.main_tumor_type_code,"COH_COHTTYPECD, COH_COHTTYPE__2CD",(not yet mapped),,Paired code with main_tumor_type slot; collision detection,Main tumor type code,Int64,optional
tumor_type,tumor_type.other_tumor_type,COH_COHTTOSP,(not yet mapped),,"Direct copy, stripped",Other tumor type specification (free text),String,optional
tumor_type,tumor_type.date,COH_EventDate,condition_occurrence,condition_start_date (falls back to patient.treatment_start_date when absent),Parsed to Date; last write wins per patient,Date of tumor type / diagnosis record,Date,optional
visits,patient_id,SubjectId,person,person_source_value,Direct copy,Patient identifier,String,mandatory
visits,trial_id,(hardcoded),person,location_id (indirect),Set at runtime,Trial identifier,String,mandatory
visits,row_index,(generated),(not an OMOP field; internal ordering key),,Sequential index per patient; ordered by date,Row index within patient's visit timeline,Int64,mandatory
visits,visits.date,VI_EventDate,visit_occurrence,"visit_start_date, visit_end_date","Parsed to Date; one Visit per calendar date, same-date VI rows collapse to the one carrying VITUMA* data",Date of a clinical visit,Date,mandatory
visits,visits.event_id,VI_EventId,visit_occurrence,visit_source_value,"Direct copy, stripped; tie-breaker for same-date rows",Visit/event identifier (e.g. V00),String,optional
adverse_events,patient_id,SubjectId,person,person_source_value,Direct copy,Patient identifier,String,mandatory
adverse_events,trial_id,(hardcoded),person,location_id (indirect),Set at runtime,Trial identifier,String,mandatory
adverse_events,row_index,(generated),(not an OMOP field; internal ordering key),,Sequential index per patient; ordered by start_date,Row index within patient's adverse events,Int64,mandatory
adverse_events,adverse_events.sequence_id,AE_AESPID,(not stored; used only to order rows during harmonization),,Cast to Int64,Sequence identifier for ordering,Int64,optional
adverse_events,adverse_events.end_date,"AE_AEENDAT, FU_FUPDEDAT",condition_occurrence,condition_end_date,"Parsed to Date; if null and was_serious is true and patient deceased, falls back to FU_FUPDEDAT (death date)",End date of adverse event,Date,optional
adverse_events,adverse_events.grade,AE_AETOXGRECD,"observation, measurement","observation_concept_id (CTCAE grade-N severity concept, on the severity modifier row); measurement.value_as_number",Cast to Int64,CTCAE toxicity grade (1-5),Int64,optional
adverse_events,adverse_events.outcome,AE_AEOUT,observation,value_as_concept_id (mapped outcome concept); value_source_value,Cast to String,Adverse event outcome (e.g. resolved),String,optional
adverse_events,adverse_events.related_to_treatment_1_status,AE_AEREL1CD,observation,value_as_concept_id (mapped relatedness concept); value_source_value; observation_source_value = 'related_to_treatment_1',"Mapped from code: 4='related', 1='not_related', 2 or 3='unknown'; cast to enum","Relatedness of adverse event to primary treatment (related, not_related, unknown)",String,optional
adverse_events,adverse_events.related_to_treatment_2_status,AE_AEREL2CD,observation,value_as_concept_id (mapped relatedness concept); value_source_value; observation_source_value = 'related_to_treatment_2',"Mapped from code: 4='related', 1='not_related', 2 or 3='unknown'; cast to enum","Relatedness of adverse event to secondary treatment (related, not_related, unknown)",String,optional
adverse_events,adverse_events.start_date,AE_AESTDAT,"condition_occurrence, measurement, observation",condition_start_date; measurement_date; observation_date (outcome/severity/relatedness/expectedness/was_serious rows),Parsed to Date,Start date of adverse event,Date,optional
adverse_events,adverse_events.term,AE_AECTCAET,"condition_occurrence, measurement","condition_concept_id, condition_source_value; measurement_concept_id, value_as_concept_id, measurement_source_value",Cast to String; rows filtered to non-null term only,Adverse event term (CTCAE terminology),String,mandatory
adverse_events,adverse_events.treatment_1_name,AE_AETRT1,observation,qualifier_source_value (on relatedness/expectedness rows for treatment 1),Cast to String,Name of primary treatment associated with this AE,String,optional
adverse_events,adverse_events.treatment_2_name,AE_AETRT2,observation,qualifier_source_value (on relatedness/expectedness rows for treatment 2),Cast to String,Name of secondary treatment associated with this AE,String,optional
adverse_events,adverse_events.turned_serious_date,AE_SAESTDAT,observation,observation_date; value_source_value (ISO date string),Parsed to Date,Date adverse event became serious,Date,optional
adverse_events,adverse_events.was_serious,AE_AESERCD,observation,value_as_concept_id (Yes/No),"1=true, 0=false",Whether the adverse event was classified as serious,Boolean,optional
adverse_events,adverse_events.was_serious_grade_expected_treatment_1,AE_SAEEXP1CD,observation,value_as_concept_id (mapped Expected/Not-Expected concept); observation_source_value = 'was_serious_grade_expected_treatment_1',"1=true, 2=false",Whether serious AE grade was expected for primary treatment,Boolean,optional
adverse_events,adverse_events.was_serious_grade_expected_treatment_2,AE_SAEEXP2CD,observation,value_as_concept_id (mapped Expected/Not-Expected concept); observation_source_value = 'was_serious_grade_expected_treatment_2',"1=true, 2=false",Whether serious AE grade was expected for secondary treatment,Boolean,optional
c30_collection,patient_id,SubjectId,person,person_source_value,Direct copy,Patient identifier,String,mandatory
c30_collection,trial_id,(hardcoded),person,location_id (indirect),Set at runtime,Trial identifier,String,mandatory
c30_collection,row_index,(generated),(not an OMOP field; internal ordering key),,Sequential index per patient; ordered by date,Row index within patient's C30 assessments,Int64,mandatory
c30_collection,c30_collection.date,C30_EventDate,measurement,"measurement_date, measurement_datetime",Parsed to Date,Date of EORTC QLQ-C30 questionnaire completion,Date,optional
c30_collection,c30_collection.event_name,C30_EventName,(not yet mapped),,"Direct copy, stripped",Visit/event identifier (e.g. V01),String,optional
c30_collection,c30_collection.q1,C30_C30_Q1,measurement,"measurement_source_value (used when present, else q1_code)","Direct copy, stripped",Q1: Trouble doing strenuous activities,String,optional
c30_collection,c30_collection.q1_code,C30_C30_Q1CD,measurement,measurement_concept_id (c30_q1 topic); value_as_concept_id (mapped answer level),Cast to Int64,Q1 response code,Int64,optional
c30_collection,c30_collection.q2-q30,C30_C30_Q{2-30},measurement,measurement_concept_id (c30_q{n} topic); value_as_concept_id (mapped answer level; Q29/Q30 use the global 1-7 scale),"Direct copy, stripped (text); cast to Int64 (code)",Questions 2-30 follow same pattern as Q1,String/Int64,optional
concomitant_medications,patient_id,SubjectId,person,person_source_value,Direct copy,Patient identifier,String,mandatory
concomitant_medications,trial_id,(hardcoded),person,location_id (indirect),Set at runtime,Trial identifier,String,mandatory
concomitant_medications,row_index,(generated),(not an OMOP field; internal ordering key),,"Sequential index per patient; ordered by sequence_id, start_date",Row index within patient's concomitant medications,Int64,mandatory
concomitant_medications,concomitant_medications.end_date,CM_CMENDAT,drug_exposure,drug_exposure_end_date (falls back to start_date),Parsed to Date,End date of medication,Date,optional
concomitant_medications,concomitant_medications.is_adverse_event_ongoing,CM_CMONGOCD,(not yet mapped),,"1=true, 0=false",Whether associated adverse event is ongoing,Boolean,optional
concomitant_medications,concomitant_medications.medication_name,CM_CMTRT,drug_exposure,"drug_concept_id, drug_source_value","Cast to String, stripped; rows filtered to non-null only",Medication name,String,mandatory
concomitant_medications,concomitant_medications.medication_ongoing,CM_CMONGOCD,(not yet mapped),,"1=true, 0=false",Whether medication is currently ongoing,Boolean,optional
concomitant_medications,concomitant_medications.sequence_id,CM_CMSPID,(not yet mapped),,Cast to Int64,Sequence identifier for ordering,Int64,optional
concomitant_medications,concomitant_medications.start_date,CM_CMSTDAT,drug_exposure,drug_exposure_start_date,Parsed to Date,Start date of medication,Date,optional
concomitant_medications,concomitant_medications.was_taken_due_to_adverse_event,CM_CMAEYN,(not yet mapped),,Parsed to Boolean (Yes/No text),Whether medication was prescribed due to an adverse event,Boolean,optional
concomitant_medications,concomitant_medications.was_taken_due_to_medical_history_event,CM_CMMHYNCD,(not yet mapped),,"1=true, 0=false",Whether medication was prescribed due to a medical history condition,Boolean,optional
eq5d_collection,patient_id,SubjectId,person,person_source_value,Direct copy,Patient identifier,String,mandatory
eq5d_collection,trial_id,(hardcoded),person,location_id (indirect),Set at runtime,Trial identifier,String,mandatory
eq5d_collection,row_index,(generated),(not an OMOP field; internal ordering key),,Sequential index per patient; ordered by date,Row index within patient's EQ-5D assessments,Int64,mandatory
eq5d_collection,eq5d_collection.date,EQ5D_EventDate,measurement,"measurement_date, measurement_datetime",Parsed to Date,Date of EQ-5D-5L questionnaire completion,Date,optional
eq5d_collection,eq5d_collection.event_name,EQ5D_EventName,(not yet mapped),,"Direct copy, stripped",Visit/event identifier,String,optional
eq5d_collection,eq5d_collection.qol_metric,EQ5D_EQ5DVAS,measurement,measurement_concept_id (eq5d_qol_score); value_as_number,Cast to Int64,Visual Analogue Scale (VAS) overall health score (0-100),Int64,optional
eq5d_collection,eq5d_collection.q1,EQ5D_EQ5D1,measurement,measurement_source_value,"Direct copy, stripped",EQ-5D dimension 1 response text,String,optional
eq5d_collection,eq5d_collection.q1_code,EQ5D_EQ5D1CD,measurement,measurement_concept_id (eq5d_q1_answer_code); value_as_number,Cast to Int64,EQ-5D dimension 1 response code (1-5),Int64,optional
eq5d_collection,eq5d_collection.q2,EQ5D_EQ5D2,measurement,measurement_source_value,"Direct copy, stripped",EQ-5D dimension 2 response text,String,optional
eq5d_collection,eq5d_collection.q2_code,EQ5D_EQ5D2CD,measurement,measurement_concept_id (eq5d_q2_answer_code); value_as_number,Cast to Int64,EQ-5D dimension 2 response code (1-5),Int64,optional
eq5d_collection,eq5d_collection.q3,EQ5D_EQ5D3,measurement,measurement_source_value,"Direct copy, stripped",EQ-5D dimension 3 response text,String,optional
eq5d_collection,eq5d_collection.q3_code,EQ5D_EQ5D3CD,measurement,measurement_concept_id (eq5d_q3_answer_code); value_as_number,Cast to Int64,EQ-5D dimension 3 response code (1-5),Int64,optional
eq5d_collection,eq5d_collection.q4,EQ5D_EQ5D4,measurement,measurement_source_value,"Direct copy, stripped",EQ-5D dimension 4 response text,String,optional
eq5d_collection,eq5d_collection.q4_code,EQ5D_EQ5D4CD,measurement,measurement_concept_id (eq5d_q4_answer_code); value_as_number,Cast to Int64,EQ-5D dimension 4 response code (1-5),Int64,optional
eq5d_collection,eq5d_collection.q5,EQ5D_EQ5D5,measurement,measurement_source_value,"Direct copy, stripped",EQ-5D dimension 5 response text,String,optional
eq5d_collection,eq5d_collection.q5_code,EQ5D_EQ5D5CD,measurement,measurement_concept_id (eq5d_q5_answer_code); value_as_number,Cast to Int64,EQ-5D dimension 5 response code (1-5),Int64,optional
medical_histories,patient_id,SubjectId,person,person_source_value,Direct copy,Patient identifier,String,mandatory
medical_histories,trial_id,(hardcoded),person,location_id (indirect),Set at runtime,Trial identifier,String,mandatory
medical_histories,row_index,(generated),(not an OMOP field; internal ordering key),,Sequential index per patient; ordered by start_date,Row index within patient's medical histories,Int64,mandatory
medical_histories,medical_histories.end_date,MH_MHENDAT,"condition_occurrence, procedure_occurrence",condition_end_date; procedure_end_date,Parsed to Date,End date of medical condition,Date,optional
medical_histories,medical_histories.sequence_id,MH_MHSPID,(not stored; used only as a validity gate before emitting condition_occurrence rows),,Cast to Int64,Sequence identifier for ordering,Int64,optional
medical_histories,medical_histories.start_date,MH_MHSTDAT,"condition_occurrence, procedure_occurrence, measurement",condition_start_date; procedure_date; measurement_date,Parsed to Date,Start date of medical condition,Date,optional
medical_histories,medical_histories.status,MH_MHONGO,(not yet mapped),,"Direct copy, stripped","Condition status description (e.g. ongoing, resolved)",String,optional
medical_histories,medical_histories.status_code,MH_MHONGOCD,(not yet mapped),,Cast to Int64,Condition status code,Int64,optional
medical_histories,medical_histories.term,MH_MHTERM,"condition_occurrence, procedure_occurrence, measurement","condition_concept_id, condition_source_value; procedure_concept_id, procedure_source_value; measurement_concept_id, value_as_concept_id, measurement_source_value","Direct copy, stripped; rows filtered to non-null term only",Medical history term/condition name,String,mandatory
previous_treatments,patient_id,SubjectId,person,person_source_value,Direct copy,Patient identifier,String,mandatory
previous_treatments,trial_id,(hardcoded),person,location_id (indirect),Set at runtime,Trial identifier,String,mandatory
previous_treatments,row_index,(generated),(not an OMOP field; internal ordering key),,Sequential index per patient; ordered by start_date,Row index within patient's previous treatments,Int64,mandatory
previous_treatments,previous_treatments.additional_treatment,CT_CTTYPESP,"procedure_occurrence, drug_exposure","procedure_concept_id, procedure_source_value; drug_concept_id, drug_source_value (same text tried against both domains)","Direct copy, stripped",Additional treatment specification (free text),String,optional
previous_treatments,previous_treatments.end_date,CT_CTENDAT,"procedure_occurrence, drug_exposure",procedure_end_date; drug_exposure_end_date (falls back to start_date),Parsed to Date,End date of previous treatment,Date,optional
previous_treatments,previous_treatments.start_date,CT_CTSTDAT,"procedure_occurrence, drug_exposure",procedure_date; drug_exposure_start_date,Parsed to Date,Start date of previous treatment,Date,optional
previous_treatments,previous_treatments.treatment,CT_CTTYPE,"procedure_occurrence, drug_exposure","procedure_concept_id, procedure_source_value; drug_concept_id, drug_source_value (same text tried against both domains)","Direct copy, stripped; rows filtered to non-null only",Previous treatment name,String,mandatory
previous_treatments,previous_treatments.treatment_code,CT_CTTYPECD,(not yet mapped),,Cast to Int64,Previous treatment code,Int64,optional
previous_treatments,previous_treatments.sequence_id,CT_CTSPID,(not yet mapped),,Cast to Int64,Sequence identifier for ordering,Int64,optional
treatment_cycles,patient_id,SubjectId,person,person_source_value,Direct copy,Patient identifier,String,mandatory
treatment_cycles,trial_id,(hardcoded),person,location_id (indirect),Set at runtime,Trial identifier,String,mandatory
treatment_cycles,row_index,(generated),(not an OMOP field; internal ordering key),,Sequential index per patient; ordered by start_date,Row index within patient's treatment cycles,Int64,mandatory
treatment_cycles,treatment_cycles.source_treatment_name,TR_TRNAME,"drug_exposure, episode","drug_concept_id, drug_source_value (used when ingredient_name is absent); episode.episode_source_value and episode_object_concept_id (Treatment Regimen / Treatment Cycle episodes, via the drug-regimen lookup)",Cast to String; rows filtered to non-null TR_TRNAME only; field renamed from 'treatment_name',Raw treatment drug name as recorded in source,String,mandatory
treatment_cycles,treatment_cycles.ingredient_name,"(derived: parsed from the parenthetical in TR_TRNAME, e.g. 'Brand (Ingredient)')",drug_exposure,"drug_concept_id, drug_source_value (preferred over source_treatment_name when present)",Extracted via regex; combination drugs ('Ing1 and Ing2') split into one row per ingredient with the paired dose,Individual drug ingredient name,String,optional
treatment_cycles,treatment_cycles.brand_name,(derived: the brand portion before the parenthetical in TR_TRNAME),(not yet mapped),,Extracted via regex,Drug brand name,String,optional
treatment_cycles,treatment_cycles.component_index,(derived: position of this ingredient within a split combination-drug row),(not stored; disambiguates split combination-drug rows during harmonization),,0-based index assigned when a combination drug is split into per-ingredient rows,Component index for split combination-drug rows,Int64,optional
treatment_cycles,treatment_cycles.cycle_type,"TR_TRO_YN, TR_TRODSTOT, TR_TRO_STDT, TR_TROSTPDT, TR_TRIVDS1, TR_TRIVU1, TR_TRIVDELYN1",drug_exposure,route_concept_id (iv/oral mapped via the Route vocabulary); route_source_value,Derived: 'oral' if any oral-specific columns have data; 'iv' if any IV-specific columns have data; null otherwise,Treatment cycle type (oral or IV),String,optional
treatment_cycles,treatment_cycles.end_date,"TR_TROSTPDT, TR_TRC1_DT (next cycle)","drug_exposure, episode",drug_exposure_end_date; episode.episode_end_date (Treatment Regimen and Treatment Cycle episodes),Oral cycles: TR_TROSTPDT directly; IV cycles: next cycle's TR_TRC1_DT - 1 day (per SubjectId + treatment number); null if conflict or last IV cycle,End date of treatment cycle,Date,optional
treatment_cycles,treatment_cycles.iv_dose_prescribed,TR_TRIVDS1,drug_exposure,quantity (IV cycles),Cast to String,IV dose prescribed,String,optional
treatment_cycles,treatment_cycles.iv_dose_prescribed_unit,TR_TRIVU1,drug_exposure,dose_unit_source_value (IV cycles),Cast to String,Unit of IV dose prescribed,String,optional
treatment_cycles,treatment_cycles.number_of_days_tablet_not_taken,TR_TROTABNO,observation,value_as_number; observation_source_value = 'number_of_days_tablet_not_taken' (FK-linked to this cycle's drug_exposure row),Cast to Int64,Number of days oral tablet was not taken in this cycle,Int64,optional
treatment_cycles,treatment_cycles.oral_dose_prescribed_per_day,TR_TRODSTOT,drug_exposure,quantity (oral cycles: dose per day x cycle length in days),Cast to Float64,Oral dose prescribed per day,Float64,optional
treatment_cycles,treatment_cycles.oral_dose_unit,TR_TRODSU,drug_exposure,dose_unit_source_value (oral cycles),Cast to String,Unit of oral dose (e.g. mg),String,optional
treatment_cycles,treatment_cycles.reason_not_administered_to_spec,TR_TROREA,observation,value_as_string; observation_source_value = 'reason_not_administered_to_spec' (FK-linked to this cycle's drug_exposure row),Cast to String,Reason dose was not administered to specification,String,optional
treatment_cycles,treatment_cycles.reason_tablet_not_taken,TR_TROSPE,observation,value_as_string; observation_source_value = 'reason_tablet_not_taken' (FK-linked to this cycle's drug_exposure row),Cast to String,Reason oral tablet was not taken,String,optional
treatment_cycles,treatment_cycles.received_treatment_this_cycle,TR_TRCYNCD,observation,value_as_concept_id (Yes/No); observation_source_value = 'received_treatment_this_cycle' (FK-linked to this cycle's drug_exposure row),"1=true, 0=false",Whether treatment was received in this cycle,Boolean,optional
treatment_cycles,treatment_cycles.start_date,TR_TRC1_DT,"drug_exposure, episode",drug_exposure_start_date; episode.episode_start_date (Treatment Regimen and Treatment Cycle episodes),Parsed to Date,Start date of treatment cycle,Date,optional
treatment_cycles,treatment_cycles.treatment_number,TR_TRTNO,episode,episode_number (Treatment Regimen episode); groups cycles under their line's regimen as episode_parent_id,Cast to Int64,Treatment number (for multi-drug regimens),Int64,optional
treatment_cycles,treatment_cycles.cycle_number,TR_TRCNO1,episode,episode_number (Treatment Cycle episode),Cast to Int64,Cycle number within treatment,Int64,optional
treatment_cycles,treatment_cycles.was_dose_administered_to_spec,TR_TRO_YNCD,observation,value_as_concept_id (Yes/No); observation_source_value = 'was_dose_administered_to_spec' (FK-linked to this cycle's drug_exposure row),"1=true, 0=false",Whether oral dose was administered to specification,Boolean,optional
treatment_cycles,treatment_cycles.was_tablet_taken_to_prescription_in_previous_cycle,TR_TROTAKECD,observation,value_as_concept_id (Yes/No); observation_source_value = 'was_tablet_taken_to_prescription_in_previous_cycle' (FK-linked to this cycle's drug_exposure row),"1=true, 0=false",Whether tablet was taken as prescribed in previous cycle,Boolean,optional
treatment_cycles,treatment_cycles.was_total_dose_delivered,TR_TRIVDELYN1,observation,value_as_concept_id (Yes/No); observation_source_value = 'was_total_dose_delivered' (FK-linked to this cycle's drug_exposure row),Parsed to Boolean (Yes/No text),Whether total IV dose was delivered,String,optional
tumor_assessments,patient_id,SubjectId,person,person_source_value,Direct copy,Patient identifier,String,mandatory
tumor_assessments,trial_id,(hardcoded),person,location_id (indirect),Set at runtime,Trial identifier,String,mandatory
tumor_assessments,row_index,(generated),(not an OMOP field; internal ordering key),,Sequential index per patient; ordered by date,Row index within patient's tumor assessments,Int64,mandatory
tumor_assessments,tumor_assessments.assessment_type,"RA_RAASSESS1, RA_RAASSESS2, RNRSP_TERNCFB",(not yet mapped),,Derived: 'irecist' if RA_RAASSESS2 present; 'recist' if RA_RAASSESS1 present; 'rano' if RNRSP_TERNCFB present (mutually exclusive assumed),Tumor assessment criteria type (recist / irecist / rano),String,optional
tumor_assessments,tumor_assessments.was_baseline,(derived: true for the one baseline row built from the VI sheet's VITUMA-bearing row per patient),(not yet mapped),,True for the baseline row (VI_VITUMA/VI_VITUMA__2 populated on that visit); false on all follow-up rows,Whether this row is the patient's baseline tumor assessment,Boolean,optional
tumor_assessments,tumor_assessments.date,"RA_EventDate, RNRSP_EventDate, VI_EventDate (baseline row)","measurement, episode","measurement_date, measurement_datetime; episode.episode_start_date (Disease Dynamic Episode runs, via the recist/irecist/rano response)",Coalesced (RA first) for follow-up rows; VI_EventDate for the baseline row,Date of tumor assessment,Date,optional
tumor_assessments,tumor_assessments.event_id,"RA_EventId, RNRSP_EventId",(not yet mapped),,Coalesced (RA first); fixed to 'V00' on the baseline row,Visit/event identifier (e.g. V03),String,optional
tumor_assessments,tumor_assessments.target_lesion_size,(derived: baseline size from RNRSP_TERNTBAS/RA_RARECBAS scaled by target_lesion_change_from_baseline; equals the baseline size itself on the baseline row),measurement,measurement_concept_id (lesion_size); value_as_number (FK-linked to the patient's primary-cancer condition_occurrence row),Baseline size x (1 + change from baseline); null propagates when either input is missing,Absolute target lesion size (mm),Float64,optional
tumor_assessments,tumor_assessments.target_lesion_change_from_baseline,"RA_RABASECH, RNRSP_TERNCFB",(not yet mapped),,"Coalesced; source value is percentage, divided by 100 to fraction; zero preserved as 0; fixed to 0 on the baseline row","Target lesion size change from baseline (fraction, e.g. -0.30 = 30% decrease)",Float64,optional
tumor_assessments,tumor_assessments.target_lesion_change_from_nadir,"RA_RARECCH, RNRSP_TERNCFN",(not yet mapped),,"Coalesced; source value is percentage, divided by 100 to fraction; zero preserved as 0","Target lesion size change from nadir (fraction, e.g. 0.20 = 20% increase)",Float64,optional
tumor_assessments,tumor_assessments.was_new_lesions_registered_after_baseline,"RA_RANLBASECD, RNRSP_RNRSPNLCD",(not yet mapped),,"Coalesced; 1=true, 0=false",Whether new lesions were detected after baseline assessment,Boolean,optional
tumor_assessments,tumor_assessments.recist_response,RA_RATIMRES,"measurement, episode","measurement_concept_id + value_as_concept_id (response_recist mapping, or a Not-Evaluable Meas Value answer); episode.episode_concept_id (Disease Dynamic Episode status; 2nd precedence, after iRECIST)","Direct copy, stripped",RECIST response assessment (e.g. CR / PR / SD / PD),String,optional
tumor_assessments,tumor_assessments.irecist_response,RA_RAiMOD,"measurement, episode","measurement_concept_id + value_as_concept_id (response_irecist mapping, or a Not-Evaluable Meas Value answer); episode.episode_concept_id (Disease Dynamic Episode status; 1st precedence)","Direct copy, stripped",iRECIST response assessment (e.g. iCR / iPR / iSD / iUPD / iCPD),String,optional
tumor_assessments,tumor_assessments.rano_response,RNRSP_RNRSPCL,"measurement, episode","measurement_concept_id + value_as_concept_id (response_rano mapping, or a Not-Evaluable Meas Value answer); episode.episode_concept_id (Disease Dynamic Episode status; 3rd/last precedence)","Direct copy, stripped",RANO response assessment,String,optional
tumor_assessments,tumor_assessments.recist_date_of_progression,RA_RAPROGDT,(not yet mapped),,Parsed to Date,Date of progression per RECIST criteria,Date,optional
tumor_assessments,tumor_assessments.irecist_date_of_progression,RA_RAiUNPDT,(not yet mapped),,Parsed to Date,Date of progression per iRECIST criteria,Date,optional
tumor_assessments,tumor_assessments.baseline_off_target_lesions_number,"RCNT_RCNTNOB, RNTMNT_RNTMNTNOB, RNTMNT_RNTMNTNO",(not yet mapped),,"Coalesced (RCNT first, then RNTMNT variants); baseline V00 rows only; cast to Int64",Number of off-target (non-target) lesions at baseline,Int64,optional
tumor_assessments,tumor_assessments.baseline_off_target_lesion_measurement_date,"RCNT_EventDate, RNTMNT_EventDate",(not yet mapped),,Coalesced (RCNT first); baseline V00 rows only,Date of baseline off-target lesion measurement,Date,optional